ID,Century,Location,Result for the United States and its Allies,Presidents of the United States,GDP Impact Notes,War Description,Start Year,End Year,Declared War?,Outcome,Cold War Proxy?
0,18th Century,Eastern and Southern North America,US-allied victory:The American Revolution started as a civil war within the British Empire. It became a larger international war in 1778 once France joined. Treaty of Paris (1783). Britain recognizes the independence of the United States of America and theThirteen Colonies.,"President of the Continental Congress in American Revolutionary War:John Hancock, Henry Laurens, John Jay, Samuel Huntington, Thomas McKean, John Hanson, Elias Boudinot, Thomas Mifflin, Richard Henry Lee, John Hancock, Nathaniel Gorham, Arthur St. Clair, Cyrus Griffin",War debt caused severe economic disruption; led to first federal financial crisis,"The colonial rebellion against British rule that founded the United States. Thirteen colonies united to fight for independence after years of taxation disputes and political oppression, ultimately defeating Britain with French assistance and securing nationhood via the 1783 Treaty of Paris.",1775,1783,Yes,Victory,No
1,18th Century,Old Southwest,US-allied victory,"President of the Continental Congress in Cherokee-American wars:John Hancock, Henry Laurens, John Jay, Samuel Huntington, Thomas McKean, John Hanson, Elias Boudinot, Thomas Mifflin, Richard Henry Lee, John Hancock, Nathaniel Gorham, Arthur St. Clair, Cyrus Griffin, Presidents of the United States:George Washington",Localized frontier conflict; minor economic disruption,"A series of frontier conflicts between American settlers and the Cherokee Nation spanning the Revolutionary War era through the early republic. Rooted in colonial land encroachment, the wars resulted in significant Cherokee territorial losses and forced relocations across the Southeast.",1776,1794,No,Victory,No
2,18th Century,Northwest Territory,US-allied victory: Treaty of Greenville (1795). American occupation of the Northwest Territory,George Washington,Frontier conflict; modest cost relative to young nation's budget,"A military campaign by the newly formed US Army against a confederation of Native tribes in the Ohio Valley and Great Lakes region. After two early devastating defeats, General Anthony Wayne's decisive victory at the Battle of Fallen Timbers ended the conflict and opened the Northwest Territory to settlement.",1785,1795,No,Victory,No
3,18th Century,Mediterranean Sea and Atlantic Ocean,"Algerian victory: Establishment of theAmerican navy through the Naval Act of 1794. America pay an annual tribute of $21,600. $1 million offered to the Dey",George Washington,Primarily tribute and ransom costs; led to creation of US Navy,"A prolonged diplomatic and naval standoff with the Barbary State of Algiers, which captured American merchant ships and enslaved their crews. The US paid tributes for years before building a navy capable of confronting the threat, eventually securing the release of American captives.",1785,1796,No,Stalemate,No
4,18th Century,"Atlantic Ocean, the Caribbean, the Indian Ocean and the Mediterranean",Convention of 1800: Peaceful cessation of Franco-American alliance. End of French privateer attacks on American shipping. American neutrality and renunciation of claims by France,John Adams,Naval conflict; contributed to naval buildup spending,"An undeclared naval war between the United States and France, triggered by French seizure of American merchant ships following the Jay Treaty. Fought entirely at sea, it ended with the Convention of 1800 and reinforced the need for a permanent US Navy.",1798,1800,No,Victory,No
5,19th Century,"Mediterranean Sea, off the coast ofTripoli",US-allied victory,Thomas Jefferson,Naval expedition; modest direct cost,"The first overseas war fought by the United States, launched after the Pasha of Tripoli declared war over tribute disputes. A combination of naval blockades and a daring land march across the Libyan desert secured a peace treaty and established American willingness to project naval power abroad.",1801,1805,Yes,Victory,No
6,19th Century,Northwest River Ohio,US victory,James Madison,Regional frontier conflict; part of broader War of 1812 buildup,"A conflict between the United States and a Native American confederation led by Shawnee chief Tecumseh, who sought to unite tribes against American expansion. General William Henry Harrison's victory at the Battle of Tippecanoe crippled the alliance before Tecumseh was killed in the War of 1812.",1811,1813,No,Victory,No
7,19th Century,Eastern and Central North America,Inconclusive/Other Result: Treaty of Ghent. Military stalemate; both sides' invasion attempts repulsed. Status quo ante bellum. Defeat ofTecumseh's Confederacy. Burning of Washington including the White House and the Capitol,James Madison,British blockade severely damaged US trade and commerce,"A complex conflict between the United States and Britain involving trade restrictions, impressment of American sailors, and British support of Native resistance. Marked by the burning of Washington D.C. and the Battle of New Orleans, the war ended in a stalemate but was celebrated as a second American independence.",1812,1815,Yes,Stalemate,No
8,19th Century,Southern United States,US-allied victory:Treaty of Fort Jackson,James Madison,Part of broader War of 1812 theater,"An intra-tribal civil war within the Creek Nation that drew in US forces, fought largely in present-day Alabama. Andrew Jackson's forces decisively defeated the Red Stick Creek faction at the Battle of Horseshoe Bend, leading to massive Creek land cessions and setting the stage for Indian Removal.",1813,1814,No,Victory,No
9,19th Century,Mediterranean Sea and the Barbary States,US victory,James Madison,Short naval operation; minimal economic impact,"A brief but decisive US naval campaign against Algiers after it resumed attacking American ships during the War of 1812. Commodore Stephen Decatur forced the Dey of Algiers to sign a treaty renouncing tribute, effectively ending Barbary piracy against American vessels.",1815,1815,Yes,Victory,No
10,19th Century,"Pensacola,Spanish FloridaBarracks and tents atFort BrookenearTampa Bay",US victory: Spain cedes Spanish Florida to the United States in the Adams-Onís Treaty of 1819. The United States forcibly relocates Seminole in northern Florida to a reservation in the center of the peninsula in the Treaty of Moultrie Creek of 1823,James Monroe,Frontier conflict; led to acquisition of Florida,"A conflict sparked by US military raids into Spanish Florida to recapture escaped slaves and subdue Seminole raids on American settlements. General Andrew Jackson's invasion captured Spanish forts and destabilized Spanish control, accelerating the cession of Florida to the United States in 1819.",1817,1818,No,Victory,No
11,19th Century,Missouri River ,Inconclusive/Other Result: White Peace treaty agreed by US Col Leavenworth,James Monroe,Small frontier skirmish; minimal economic impact,A short punitive expedition against the Arikara tribe in present-day South Dakota following an attack on an American fur trading party led by William Henry Ashley. Colonel Henry Leavenworth's inconclusive campaign exposed the challenges of projecting military power deep into the frontier.,1823,1823,No,Stalemate,No
12,19th Century,Illinois and Michigan Territory,US-allied victory: Ho-Chunkscede lead mining region to the United States,John Quincy Adams,Brief frontier conflict; no significant economic impact,"A minor uprising in Wisconsin Territory by a faction of Winnebago (Ho-Chunk) warriors following tensions over lead mining encroachments and the murder of settlers. The conflict was quickly suppressed without major battle, resulting in further Winnebago land cessions.",1827,1827,No,Victory,No
13,19th Century,Illinois and Michigan Territory ,US-allied victory: End of Native armed resistance to U.S. expansion in the Old Northwest. Black Hawk Purchase (1832). The United States purchases Potawatomiland in theTreaty of Tippecanoe (1832). The United States purchases the rest of Potawatomi land west of theMississippi River in theTreaty of Chicago (1833).,Andrew Jackson,Short conflict; modest frontier expenditure,"A brief conflict in Illinois and Wisconsin Territory when Sauk leader Black Hawk led a band of warriors and families back across the Mississippi River to reclaim ancestral lands. It ended with the massacre at Bad Axe, destroying Black Hawk's band and extinguishing Native resistance east of the Mississippi.",1832,1832,No,Victory,No
14,19th Century,"Florida,United States ","US victory: Approximately 3,800 Seminoles transported to the Indian Territory. Approximately 300 remain in Everglades","Andrew Jackson (March 4, 1829 - March 4, 1837), Martin Van Buren (March 4, 1837 - March 4, 1841), William Henry Harrison (March 4, 1841 - April 4, 1841), John Tyler (April 4, 1841 -March 4, 1845)",Costly guerrilla war; ~$30–40M expenditure,"The longest and costliest of the three Seminole Wars, fought in the swamps of Florida as the US attempted to remove the Seminole people to Oklahoma under the Indian Removal Act. Led by chiefs like Osceola, the Seminoles used guerrilla warfare to resist, and many were never fully removed.",1835,1842,No,Victory,No
15,19th Century,South-central United States,US victory,"Andrew Jackson (March 4, 1829 - March 4, 1837), Martin Van Buren (March 4, 1837 - March 4, 1841), William Henry Harrison (March 4, 1841 - April 4, 1841), John Tyler (April 4, 1841 -March 4, 1845), James K. Polk (March 4, 1845 - March 4, 1849), Zachary Taylor (March 4, 1849 - July 9, 1850), Millard Fillmore (July 9, 1850 - March 4, 1853), Franklin Pierce (March 4, 1853 - March 4, 1857), James Buchanan (March 4, 1857 - March 4, 1861), Abraham Lincoln (March 4, 1861 - April 15, 1865), Andrew Johnson (April 15, 1865 - March 4, 1869), Ulysses S. Grant (March 4, 1869 - March 4, 1877)",Ongoing frontier conflict; modest federal expenditure,"Decades of violent conflict between Comanche bands and Texan settlers, ranging from the early Republic of Texas era through US Army campaigns. The Comanche Empire fiercely resisted Anglo encroachment, raiding settlements deep into Texas until their final defeat in the Red River War of 1874–75.",1836,1875,No,Victory,No
16,19th Century,"Texas, New Mexico, California and Mexico",US-allied victory: Treaty of Guadalupe Hidalgo. Mexican Cession. Mexican recognition of US sovereignty overTexas and California (among other territories).,James K. Polk,War cost ~$100M; gained vast western territories,"A war triggered by the US annexation of Texas and a disputed border along the Rio Grande. American forces invaded Mexico on multiple fronts, capturing Mexico City, and the resulting Treaty of Guadalupe Hidalgo transferred roughly half of Mexico's territory—including California—to the United States.",1846,1848,Yes,Victory,No
17,19th Century,Oregon ,US victory: Cayusereduced in numbers and forced to cede most of their lands,"James K. Polk (March 4, 1845 - March 4, 1849), Zachary Taylor (March 4, 1849 - July 9, 1850), Millard Fillmore (July 9, 1850 - March 4, 1853), Franklin Pierce (March 4, 1853 - March 4, 1857)",Small frontier conflict in Oregon Territory,"A conflict in the Oregon Territory following the Cayuse massacre of missionaries Marcus and Narcissa Whitman and others. Oregon volunteers pursued the perpetrators while broader tensions destabilized the region, contributing to the formal organization of Oregon as a US territory.",1848,1850,No,Victory,No
18,19th Century,Southwestern United States ,US victory: Apaches moved to reservations,"James K. Polk (March 4, 1845 - March 4, 1849), Zachary Taylor (March 4, 1849 - July 9, 1850), Millard Fillmore (July 9, 1850 - March 4, 1853), Franklin Pierce (March 4, 1853 - March 4, 1857), James Buchanan (March 4, 1857 - March 4, 1861), Abraham Lincoln (March 4, 1861 - April 15, 1865), Andrew Johnson (April 15, 1865 - March 4, 1869), Ulysses S. Grant (March 4, 1869 - March 4, 1877), Rutherford B. Hayes (March 4, 1877 - March 4, 1881), James A. Garfield (March 4, 1881- September 19, 1881), Chester A. Arthur (September 19, 1881 - March 4, 1885), Grover Cleveland (March 4, 1885 - March 4, 1889), Benjamin Harrison (March 4, 1889- March 4, 1893), Grover Cleveland (March 4, 1893 - March 4, 1897), William McKinley (March 4, 1897 - September 14, 1901), Theodore Roosevelt (September 14, 1901 - March 4, 1909), William Howard Taft (March 4, 1909 - March 4, 1913), Woodrow Wilson (March 4, 1913 - March 4, 1921), Warren G. Harding (March 4, 1921 - August 2, 1923), Calvin Coolidge (August 2, 1923 - March 4, 1929)",Prolonged but low-intensity frontier conflict,"A prolonged series of campaigns across the Southwest as the US Army attempted to confine Apache bands to reservations. Leaders like Cochise, Victorio, and Geronimo led fierce resistance over four decades; the wars finally ended with Geronimo's surrender in 1886.",1849,1886,No,Victory,No
19,19th Century,New Mexico ,US victory: Long Walk of the Navajo. Navajos moved to reservations,"James K. Polk(March 4, 1845 - March 4, 1849)Zachary Taylor(March 4, 1849 - July 9, 1850)Millard Fillmore(July 9, 1850 - March 4, 1853)Franklin Pierce(March 4, 1853 - March 4, 1857)James Buchanan(March 4, 1857 - March 4, 1861)Abraham Lincoln(March 4, 1861 - April 15, 1865)Andrew Johnson(April 15, 1865 - March 4, 1869)",Culminated in Long Walk; modest federal expenditure,"Cycles of conflict between the US Army and the Navajo people over settlement encroachment in the Southwest. General Kit Carson's scorched-earth campaign forced mass Navajo surrender, leading to the brutal Long Walk to Bosque Redondo; the Navajo eventually secured a treaty allowing their return to their homeland.",1849,1868,No,Victory,No
20,19th Century,Kansas and Missouri ,"Free-Stater victory: Kansas admitted as a free state on January 29, 1861.","Franklin Pierce (March 4, 1853 - March 4, 1857), James Buchanan (March 4, 1857 - March 4, 1861)",Political crisis; precursor to Civil War,"A violent guerrilla conflict between pro-slavery and anti-slavery settlers in Kansas Territory following the Kansas-Nebraska Act of 1854. Atrocities committed by both sides, including John Brown's Pottawatomie Massacre, made Kansas a preview of the coming Civil War and intensified national sectional tensions.",1854,1861,No,Stalemate,No
21,19th Century,Washington,"US victory: Indians relocated to Siletz, Grand Ronde and Coast Reservations",Franklin Pierce,Small territorial conflict; minimal economic impact,"A conflict in Washington Territory between US forces and an alliance of Native tribes who opposed the Medicine Creek Treaty's confinement of tribes to small reservations. After several engagements, including the shelling of the town of Seattle, the uprising was suppressed and tribal leaders executed.",1855,1856,No,Victory,No
22,19th Century,Rogue Valley,"US victory: Indians relocated to Siletz, Grand Ronde and Coast Reservations",Franklin Pierce,Frontier conflict in Oregon; modest expenditure,"Two separate conflicts in southern Oregon's Rogue River Valley pitting US troops and settler volunteers against the Takelma and allied tribes. Sparked by unprovoked settler massacres of Native villages, the wars ended with the forced removal of surviving tribal members to the Coast Reservation.",1855,1856,No,Victory,No
23,19th Century,"Pensacola,Florida","US victory: By late 1850s, most Seminoles forced to leave their land; a few hundred remain deep in theEverglades on land unwanted by white settlers","Franklin Pierce (March 4, 1853 - March 4, 1857), James Buchanan (March 4, 1857 - March 4, 1861), Abraham Lincoln (March 4, 1861 - April 15, 1865), Andrew Johnson (April 15, 1865 - March 4, 1869)",Final Seminole conflict; low intensity,"The final and smallest of the Seminole Wars, triggered by a US Army survey party's attack on a Seminole camp. A small band under Chief Billy Bowlegs conducted raids before accepting removal payments and emigrating to Oklahoma, leaving only a remnant Seminole population in the Florida Everglades.",1855,1858,No,Victory,No
24,19th Century,Washington Territory ,US victory,"Franklin Pierce (March 4, 1853 - March 4, 1857), James Buchanan (March 4, 1857 - March 4, 1861), Abraham Lincoln (March 4, 1861 - April 15, 1865), Andrew Johnson (April 15, 1865 - March 4, 1869)",Pacific Northwest conflict; modest expenditure,"A conflict in Washington and Oregon territories after the signing of the Yakama Treaty created bitter resentment over land cessions. The murder of Indian agent Andrew Bolon sparked a broader war involving multiple tribes; after defeats in battle, most tribes submitted and were confined to reservations.",1855,1858,No,Victory,No
25,19th Century,China  ,US victory: Treaties of Tientsin. Kowloon Peninsula and Stonecutters Island ceded to the United Kingdom as part of British Hong Kong,"Franklin Pierce (March 4, 1853 - March 4, 1857), James Buchanan (March 4, 1857 - March 4, 1861), Abraham Lincoln (March 4, 1861 - April 15, 1865), Andrew Johnson (April 15, 1865 - March 4, 1869)",Limited US naval participation; minor cost,"A war fought primarily by Britain and France against China to enforce and expand trading rights, with the United States playing a minor naval support role. The resulting treaties opened more Chinese ports to Western trade and marked a further erosion of Qing dynasty sovereignty.",1856,1860,No,Victory,No
26,19th Century,Utah Territory and Wyoming,Inconclusive/Other Result: Resolution through negotiation. Brigham Young replaced as governor of the territory. Full amnesty for charges of sedition and treason issued to the citizens of Utah Territory by President James Buchanan on the condition that they accept American Federal authority,"Franklin Pierce (March 4, 1853 - March 4, 1857), James Buchanan (March 4, 1857 - March 4, 1861), Abraham Lincoln (March 4, 1861 - April 15, 1865), Andrew Johnson (April 15, 1865 - March 4, 1869)",Expedition cost ~$15M; no major battle,"A bloodless conflict in which President Buchanan sent the US Army to Utah Territory to install a non-Mormon governor and assert federal authority over the LDS-dominated territory. After tense maneuvering, a compromise was reached with Brigham Young; no major battles were fought.",1857,1858,No,Stalemate,No
27,19th Century,Mexico,Liberals- US victory,"Franklin Pierce (March 4, 1853 - March 4, 1857), James Buchanan (March 4, 1857 - March 4, 1861), Abraham Lincoln (March 4, 1861 - April 15, 1865), Andrew Johnson (April 15, 1865 - March 4, 1869)",US provided diplomatic support to Juárez; no direct military cost,"A Mexican civil war between Liberal and Conservative factions, with the United States diplomatically recognizing the Liberal government of Benito Juárez. Though not directly involved militarily, US support helped legitimize Juárez's constitutional government, which ultimately prevailed.",1857,1861,No,N/A (Non-combat),No
28,19th Century,San Juan Islands ,Inconclusive/Other Result: Treaty of Washington. Mostly a bloodless war- San Juan Islands awarded to the United States following third-party arbitration,James Buchanan,Bloodless standoff; no economic impact,"A bloodless confrontation between American and British forces on San Juan Island in present-day Washington State, triggered by the shooting of a Hudson's Bay Company pig. Both sides occupied the island for 12 years until international arbitration awarded San Juan Island to the United States in 1872.",1859,1872,No,Victory,No
29,19th Century,West Virginia ,US victory,James Buchanan,Minor incident; significant political repercussions,"Abolitionist John Brown led a band of 21 men to seize the federal arsenal at Harpers Ferry, Virginia, hoping to spark a slave uprising. The raid was quickly suppressed by Colonel Robert E. Lee; Brown was tried and executed, but his actions dramatically heightened sectional tensions preceding the Civil War.",1859,1859,No,Defeat,No
30,19th Century,Texas and Mexico,US-allied victory,James Buchanan,Border conflict; limited federal expenditure,"A series of border conflicts ignited by Mexican-American Juan Cortina's raids against Anglo settlers and authorities in South Texas. Cortina led a guerrilla campaign protesting the dispossession of Mexican Texans, and the US Army and Texas Rangers struggled for years to contain his forces along the Rio Grande.",1859,1861,No,Stalemate,No
31,19th Century,"Pyramid Lake,Nevada",US victory,James Buchanan,Short Nevada Territory conflict,"A conflict in Utah and Nevada territories between Northern Paiute warriors and American settlers and Pony Express stations. Sparked by settler provocations, the war disrupted communications across the Nevada desert before US forces and local volunteers subdued the Paiute bands.",1860,1860,No,Victory,No
32,19th Century,"Southern United States, Indian Territory, Northeastern United States, Western United States, Atlantic Ocean ",US victory: Dissolution of the Confederate States. U.S.territorial integrity preserved. Beginning of the Reconstruction Era. U.S. Federal government expands further control over land and railroad rights in theIndian Territory.,Abraham Lincoln,Cost ~$6.2B (1860s); permanent restructuring of US economy,"The defining catastrophe of American history, fought between the Union and the Confederate States of America over slavery, states' rights, and the future of the nation. Four years of brutal industrial-age warfare cost more American lives than any other conflict; the Union's victory preserved the United States and ended slavery.",1861,1865,No,Victory (Union),No
33,19th Century,Arizona,US victory,"Abraham Lincoln(March 4, 1861 - April 15, 1865)Andrew Johnson(April 15, 1865 - March 4, 1869)Ulysses S. Grant(March 4, 1869 - March 4, 1877)",Arizona Territory conflict; modest expenditure,"A prolonged campaign in Arizona Territory against the Yavapai and associated Dilzhe'e Apache, who resisted reservation confinement. The conflict culminated in the Skeleton Cave Massacre and the forced removal of surviving Yavapai to the San Carlos Reservation in 1875.",1861,1875,No,Victory,No
34,19th Century,Minnesota and Dakota ,US victory,Abraham Lincoln,Minnesota uprising; modest federal response cost,"A sudden and violent uprising in Minnesota by Dakota Sioux warriors, driven by broken treaty promises, withheld annuities, and starvation. Hundreds of settlers and soldiers were killed before the uprising was suppressed; 38 Dakota men were hanged in the largest mass execution in American history.",1862,1862,No,Victory,No
35,19th Century,"Colorado, Wyoming, and Nebraska",Inconclusive/Other Result: Military and congressional hearings against John Chivington,Abraham Lincoln,Plains conflict during Civil War period,"A brutal conflict on the Colorado plains between US forces and allied Cheyenne and Arapaho bands, marked most infamously by Colonel Chivington's massacre of a peaceful Cheyenne village at Sand Creek in 1864. The massacre outraged even contemporaries, escalating rather than ending the plains wars.",1863,1865,No,Victory,No
36,19th Century,,US victory,"Abraham Lincoln (March 4, 1861 - April 15, 1865), Andrew Johnson (April 15, 1865 - March 4, 1869)",Oregon/Idaho frontier conflict,"The deadliest of the Pacific Northwest Indian wars, fought against the Northern Paiute and Bannock peoples in Oregon, Idaho, and Nevada. General George Crook's aggressive mobile campaigns across the high desert wore down the resistant bands, resulting in their surrender and reservation confinement.",1864,1868,No,Victory,No
37,19th Century,Powder River State,Inconclusive,Andrew Johnson,Post-Civil War plains conflict,"A US Army punitive expedition into Powder River country targeting Lakota, Cheyenne, and Arapaho bands who refused reservation life. Poor planning and harsh winter conditions undermined the campaign; the army's failure contributed directly to Red Cloud's War.",1865,1865,No,Stalemate,No
38,19th Century,Powder River State,Lakota-allied victory: Treaty of Fort Laramie (1868). Legal control of Powder River Country ceded to Native Americans. Creation of the Great Sioux Reservation(including theBlack Hills),Andrew Johnson,Resulted in Fort Laramie Treaty; modest expenditure,The only war in which the United States signed a peace treaty conceding to the victor's terms. Oglala Lakota chief Red Cloud's forces besieged forts along the Bozeman Trail and annihilated Captain Fetterman's command; the 1868 Fort Laramie Treaty closed the trail and recognized the Black Hills as Lakota territory.,1866,1868,No,Defeat,No
39,19th Century,"Hengchun, Taiwan, Qing China",Paiwan victory,Andrew Johnson,Naval punitive expedition; minimal cost,"A US naval punitive expedition to Taiwan after the crew of a shipwrecked American vessel were killed by indigenous Paiwan peoples. The landing party was ambushed, and the US withdrew without achieving its objectives, one of the rare early instances of a failed American military punitive action.",1867,1867,No,Defeat,No
40,19th Century,Western United States  ,US victory,"Andrew Johnson (April 15, 1865 - March 4, 1869), Ulysses S. Grant (March 4, 1869 - March 4, 1877)",Southern plains campaign; modest expenditure,"A series of US Army operations across the southern Great Plains targeting Comanche, Kiowa, and Southern Cheyenne bands who resisted reservation life. Multiple columns converged on the Staked Plains, eventually destroying villages and horse herds and forcing the tribes onto reservations in Indian Territory.",1867,1875,No,Victory,No
41,19th Century,Ganghwa Island ,Inconclusive/Other Result: American military victory. American diplomatic failure. Withdrawal of American forces. Korea retains isolationist policies. Eventual signing of the United States-Korea Treaty of 1882,Ulysses S. Grant,Naval expedition; minimal economic impact,A US naval expedition to Korea to open trade relations and investigate the destruction of the American merchant vessel General Sherman. US Marines and sailors stormed Korean forts on Ganghwa Island but were unable to force a treaty; Korea remained closed to Western trade for another decade.,1871,1871,No,Stalemate,No
42,19th Century,California and Oregon ,US victory,Ulysses S. Grant,Small but costly guerrilla conflict in California,"A small but costly guerrilla conflict in the lava beds of northern California and Oregon, where a band of fewer than 60 Modoc warriors under Captain Jack held off US Army forces for months. The assassination of General Canby during peace negotiations—the only US general killed in the Indian Wars—shocked the nation.",1872,1873,No,Victory,No
43,19th Century,Texas,US victory: End to the Texas-Indian Wars,Ulysses S. Grant,Ended Comanche resistance; modest expenditure,"A coordinated US Army campaign that ended Comanche, Kiowa, and Southern Cheyenne resistance on the southern plains. General Ranald Mackenzie's destruction of the tribes' winter camps and horse herds in Palo Duro Canyon broke their ability to resist, ending free Native life on the southern plains.",1874,1875,No,Victory,No
44,19th Century,Texas and Mexico ,US victory: Cattle returned to Texas,Ulysses S. Grant,Brief border skirmish; no significant economic impact,"A brief cross-border clash in which Texas Rangers and US soldiers pursued cattle raiders into Mexico, attacking the Las Cuevas ranch. Diplomatic pressure from both governments quickly ended the incursion, but the episode highlighted the chronic lawlessness and violence along the Rio Grande border.",1875,1875,No,Stalemate,No
45,19th Century,"Montana, Dakota and Wyoming ",US victory: Legal control of Powder River Country ceded to the United States,Ulysses S. Grant,Included Battle of Little Bighorn; modest federal expenditure,"A major conflict triggered by the US government's attempt to seize the Black Hills after gold was discovered there. The war's most famous episode—Custer's devastating defeat at the Little Bighorn—shocked the nation, but a massive military response ultimately shattered the Lakota and Northern Cheyenne alliance.",1876,1877,No,Victory,No
46,19th Century,Texas and Oklahoma,US victory,Ulysses S. Grant,Small conflict; minimal economic impact,"A conflict in the Texas Panhandle between US forces and Comanche warriors resisting the commercial slaughter of the Southern Plains buffalo herds. The near-extinction of the buffalo by hide hunters destroyed the Plains tribes' economic foundation, hastening their final subjugation.",1876,1877,No,Victory,No
47,19th Century,"Oregon, Idaho, Wyoming, and Montana ",US victory,Rutherford B. Hayes,Chief Joseph's retreat; modest campaign cost,"A remarkable 1,170-mile fighting retreat by Chief Joseph and roughly 700 Nez Perce men, women, and children attempting to reach Canada after refusing forced relocation. After defeating US forces in multiple engagements, they were stopped 40 miles from the Canadian border and surrendered.",1877,1877,No,Victory,No
48,19th Century,"Idaho, Oregon, and Wyoming",US victory,Rutherford B. Hayes,Short Idaho/Oregon conflict,"A conflict in Idaho and Oregon after Bannock and Northern Paiute warriors rose against the destruction of their camas root food supplies by settler hogs. General Oliver Howard's forces pursued the warriors across the Northwest, eventually fragmenting and defeating the alliance.",1878,1878,No,Victory,No
49,19th Century,"Oklahoma, Kansas, Nebraska, South Dakota and Montana ",US victory,Rutherford B. Hayes,Northern Cheyenne outbreak; modest cost,"The flight of a band of Northern Cheyenne from the hated Indian Territory reservation in Oklahoma toward their Wyoming homeland, led by chiefs Dull Knife and Little Wolf. The journey involved multiple desperate battles; most were eventually captured, and their defiant bid for freedom drew national sympathy.",1878,1879,No,Victory,No
50,19th Century,Idaho,US victory,Rutherford B. Hayes,Small Idaho mountain campaign,"A small campaign in the rugged Salmon River Mountains of Idaho against the Tukudika (Sheepeater) Shoshone, the last free Native band in Idaho. A small US Army force endured extreme terrain and weather before the tiny band of Sheepeaters surrendered.",1879,1879,No,Victory,No
51,19th Century,Mexico,US-allied victory,Rutherford B. Hayes,Apache conflict in Southwest; modest expenditure,"A guerrilla campaign led by Warm Springs Apache chief Victorio, who fled the hated San Carlos Reservation and led a small band across the Southwest and into Mexico. Victorio's fighters eluded multiple US Army columns until Mexican forces killed him at Tres Castillos in 1880.",1879,1880,No,Victory,No
52,19th Century,Colorado ,US victory,Rutherford B. Hayes,Colorado Ute conflict; modest cost,"A conflict in Colorado after Ute Indian agent Nathan Meeker, attempting to force the Ute to become farmers, called in the Army. The Ute killed Meeker and his staff and ambushed a relieving column; the aftermath led to the complete removal of the Ute from Colorado to Utah.",1879,1879,No,Victory,No
53,19th Century,Alexandria  ,US victory,Chester A. Arthur,Minimal US naval observation role; no significant cost,"A US naval squadron was dispatched to observe the Anglo-French intervention in Egypt. The US maintained strict neutrality and took no active military role, using the presence to monitor the situation and protect American commercial interests in the region.",1882,1882,No,N/A (Observer),No
54,19th Century,Montana ,US victory,Grover Cleveland,Very minor conflict; no significant impact,A brief and largely bloodless confrontation on the Crow Reservation in Montana following the arrest of a Crow warrior. Crow warriors briefly took up arms before the situation was defused through negotiation; it was one of the last serious confrontations on the northern plains reservations.,1887,1887,No,Stalemate,No
55,19th Century,South Dakota ,US victory,Benjamin Harrison,Included Wounded Knee Massacre; modest expenditure,"A military crackdown on the Ghost Dance religious movement, which promised to restore the Native world and expel settlers. Fearing an uprising, the US Army's actions led to the killing of Sitting Bull and the massacre of approximately 250 Lakota at Wounded Knee Creek—widely considered the end of the Indian Wars.",1890,1891,No,Victory,No
56,19th Century,Texas and Mexico,US-allied victory,Benjamin Harrison,Border conflict; minor federal expenditure,"A small cross-border conflict involving Mexican revolutionary Catarino Garza, who launched raids into Mexico from Texas to overthrow Porfirio Díaz. US Army and Texas Rangers patrolled the border and disrupted Garza's operations, forcing him to eventually flee to Central America.",1891,1893,No,Victory,No
57,19th Century,Arizona and Mexico ,US-allied victory,"Grover Cleveland (March 4, 1893 - March 4, 1897), William McKinley (March 4, 1897 - September 14, 1901), Theodore Roosevelt (September 14, 1901 - March 4, 1909), William Howard Taft (March 4, 1909 - March 4, 1913), Woodrow Wilson (March 4, 1913 - March 4, 1921)",Intermittent border involvement; minimal direct cost,"Decades of conflict between Yaqui indigenous people of northwestern Mexico and both Mexican and, periodically, US border forces. The Yaqui fiercely resisted dispossession of their river lands; their struggle continued well into the 20th century with occasional cross-border incidents drawing US attention.",1896,1918,No,Victory,No
58,19th Century,Samoa  ,Inconclusive/Other Result: Allies and Rebels compromise for peaceTripartite Convention. United States acquires American Samoa. United Kingdom withdraws claim in exchange for concessions in the Solomon Islands. Germany acquires German Samoa. Mata'afa Iosefo becomes paramount chief of Samoa,William McKinley,Naval intervention; minimal economic impact,"A civil war in Samoa between rival royal factions backed by different colonial powers. American and British warships bombarded the pro-German faction's positions, ultimately leading to the Tripartite Convention that partitioned Samoa between the US and Germany.",1898,1899,No,Victory,No
59,19th Century,"Cuba, Puerto Rico, Philippines and Guam ",US-allied victoryTreaty of ParisProtectorate over CubaCollapse of theSpanish Empire,William McKinley,Cost ~$250M; resulted in US imperial expansion,"A short, decisive war that transformed the United States into a global imperial power. Following the explosion of the USS Maine in Havana harbor, the US defeated Spain in both the Caribbean and Pacific, acquiring Cuba (as a protectorate), Puerto Rico, Guam, and the Philippines.",1898,1898,Yes,Victory,No
60,19th Century,Philippines ,US victory: Occupation of the Philippines. Establishment of the Insular Government of the Philippine Islands. General Emilio Aguinaldo captured. Dissolution of the First Philippine Republic,"William McKinley (March 4, 1897 - September 14, 1901), Theodore Roosevelt (September 14, 1901 - March 4, 1909)",Costly counterinsurgency; ~$400M expenditure,"A brutal counterinsurgency war after the US refused to recognize Philippine independence following the Spanish-American War. Filipino forces under Emilio Aguinaldo initially fought in conventional battles, then shifted to guerrilla tactics; the war involved widespread atrocities on both sides and became deeply controversial at home.",1899,1902,No,Victory,No
61,19th Century,Philippines ,US victory: Total annexation of the Philippine Islands,"William McKinley (March 4, 1897 - September 14, 1901), Theodore Roosevelt (September 14, 1901 - March 4, 1909), William Howard Taft (March 4, 1909 - March 4, 1913), Woodrow Wilson (March 4, 1913 - March 4, 1921)",Prolonged pacification campaign in Philippines,"A prolonged armed resistance by the Muslim Moro people of the southern Philippines, who had never accepted Spanish colonial authority and rejected American rule. Fierce battles—including the controversial Bud Dajo massacre—marked years of pacification efforts before a tenuous peace was established.",1899,1913,No,Victory,No
62,19th Century,China ,US-allied victory: Signing of the Boxer Protocol. Provisions for foreign troops to be stationed in Beijing,William McKinley,Multi-national intervention; modest US cost,"A violent anti-foreign uprising in China led by the Boxer secret society, which besieged the foreign legations in Beijing. A multinational relief force of eight nations, including the US, fought its way to Beijing and rescued the besieged diplomats, further weakening Qing dynasty authority.",1900,1901,No,Victory,No
63,20th Century,Oklahoma,US victory,"Theodore Roosevelt (September 14, 1901 - March 4, 1909), Warren G. Harding (March 4, 1921 - August 2, 1923), Calvin Coolidge (August 2, 1923 - March 4, 1929)",Minor Oklahoma incident; no economic impact,"A minor armed confrontation in Oklahoma involving Creek leader Chitto Harjo (Crazy Snake) and his followers, who resisted allotment of Creek lands. After a shootout near Hickory Ground, the uprising quickly collapsed; it was a final, doomed assertion of Creek sovereignty.",1909,1909,No,Victory,No
64,20th Century,Mexico-United States border,US victory: Seditionist insurgency suppressed. Permanent border wall established. Pancho Villa's troops no longer an effective fighting force. Mexican Constitutionalist faction leader Venustiano Carranza recognised as the sole leaders of the Mexican government by the United States,"William Howard Taft (March 4, 1909 - March 4, 1913), Woodrow Wilson (March 4, 1913 - March 4, 1921)",Punitive expedition and border operations; modest cost,"A prolonged period of violence along the US-Mexico border during the Mexican Revolution, including Pancho Villa's 1916 raid on Columbus, New Mexico. General John Pershing's Punitive Expedition pursued Villa deep into Mexico but never caught him, while border clashes continued into the 1920s.",1910,1919,No,Stalemate,No
65,20th Century,Cuba ,US-allied victory: Dissolution of the PIC,William Howard Taft,Labor/racial conflict; not a foreign war,"A series of violent racial clashes in Arkansas related to labor organizing among Black sharecroppers in the Elaine Massacre of 1919. When Black farmers met to organize a union, white mobs and federal troops killed hundreds of Black residents in one of the bloodiest episodes of racial violence in American history.",1917,1917,No,N/A (Domestic),No
66,20th Century,Nicaragua,US victory:Change of regime in Nicaragua. Great Depression marks US withdrawal (1933),"William Howard Taft (March 4, 1909 - March 4, 1913), Woodrow Wilson (March 4, 1913 - March 4, 1921), Warren G. Harding (March 4, 1921 - August 2, 1923), Calvin Coolidge (August 2, 1923 - March 4, 1929), Herbert Hoover(March 4, 1929 - March 4, 1933)",Long-term occupation; modest annual expenditure,"A decades-long US military presence in Nicaragua to protect American commercial interests and maintain political stability. It included combat against nationalist guerrilla leader Augusto Sandino, whose prolonged resistance became a symbol of anti-imperialist struggle throughout Latin America.",1912,1933,No,Withdrawal,No
67,20th Century,Utah and Colorado ,US victory,Woodrow Wilson,Minor Utah conflict; negligible impact,"A final minor confrontation between US authorities and a small band of Ute and Paiute people in southeastern Utah, following the murder of a Mexican shepherd. The brief conflict ended with the surrender of the participants and their confinement to reservation lands.",1914,1915,No,Victory,No
68,20th Century,Mexico ,US victory,Woodrow Wilson,Brief intervention; modest cost,"A US military seizure of the Mexican port of Veracruz in response to the Tampico Affair, in which US sailors were briefly arrested by Huerta's forces. The occupation, intended to prevent a German arms shipment, lasted seven months and strained US-Mexican relations while failing to topple Huerta.",1914,1914,No,Withdrawal,No
69,20th Century,Haiti ,US-allied victory,"Woodrow Wilson (March 4, 1913 - March 4, 1921), Warren G. Harding (March 4, 1921 - August 2, 1923), Calvin Coolidge (August 2, 1923 - March 4, 1929), Herbert Hoover (March 4, 1929 - March 4, 1933), Franklin D. Roosevelt (March 4, 1933 - April 12, 1945)",19-year occupation; modest annual expenditure,"A 19-year US military occupation of Haiti, justified by political instability and debt concerns. US forces supervised elections, rebuilt infrastructure, and reorganized finances, but imposed a racist colonial administration that suppressed Haitian sovereignty and sparked the Caco guerrilla resistance.",1915,1934,No,Withdrawal,No
70,20th Century,Dominican Republic ,US victory,"Woodrow Wilson (March 4, 1913 - March 4, 1921), Warren G. Harding (March 4, 1921 - August 2, 1923), Calvin Coolidge (August 2, 1923 - March 4, 1929)",8-year occupation; modest expenditure,"An eight-year US military occupation of the Dominican Republic to stabilize its government, protect US financial interests, and forestall European intervention over unpaid debts. US forces established a constabulary, built infrastructure, and suppressed guerrilla resistance before withdrawing in 1924.",1916,1924,No,Withdrawal,No
71,20th Century,Germany,"US-allied victory: First time in history, the United States sent soldiers abroad to defend foreign soil. The October Revolution in 1917 in Russian Empire. On December 13, 1918, Woodrow Wilson arrived to France and became the first U.S. president to visit Europe while in office to take part in World War I peace negotiations. Fall of the German, Ottoman, and Austro-Hungarian empires. Formation of new countries in Europe and the Middle East. Transfer of German colonies and regions of the former Ottoman Empire to other powers.Establishment of the League of Nations, which led to the creation of today's United Nations",Woodrow Wilson,Cost ~$32B; transformed US into global creditor nation,"The first truly global industrial war, which the United States entered in 1917 after years of neutrality. American troops tipped the balance against a war-exhausted Germany; the US emerged as the world's leading creditor nation, though President Wilson's internationalist vision was rejected by the Senate's refusal to join the League of Nations.",1917,1918,Yes,Victory,No
72,20th Century,Russia ,"Bolshevik Victory: The October Revolution led by the Bolshevik Party of Vladimir Lenin. The Communist Massacre of the Russian Royal Family. Fall of the Russian Empire. Establishment of theSoviet Union. Victory for the Bolshevik Red Army in Russia, Ukraine, Belarus, South Caucasus, Central Asia, Tuva, and Mongolia; incorporation of those territories into the Russian SFSR and Soviet Union. Victory for pro-independence movements in Finland, Estonia, Latvia, Lithuania, and Poland; expulsion of Bolshevik forces from those territories",Woodrow Wilson,Limited US intervention; modest direct cost,"A complex multi-sided civil war following the Bolshevik Revolution, in which the US sent small expeditionary forces to northern Russia and Siberia. The interventions were officially to protect war material and counter German influence, but also aimed at supporting anti-Bolshevik forces; they ultimately had little effect and were withdrawn.",1918,1920,No,Defeat,No
73,20th Century,Utah  ,US victory: Last Indian uprising,Warren G. Harding,Last US-Indian conflict; negligible impact,"The last armed conflict between Native Americans and US forces, fought in Utah's canyon country when Ute and Paiute men fled a courtroom to resist legal proceedings. A short manhunt ended with the death of chief Posey and the surrender of his followers, closing the chapter on the Indian Wars.",1923,1923,No,Victory,No
74,20th Century,Germanu,"US-allied victory: Collapse of Nazi Germany. Fall of Japanese Empire and Italian Empire. Creation of the United Nations. Creation of the NATO. Creation of the European Coal and Steel Community, which led to the creation of today's European Union. Emergence of the United States and the Soviet Union as rival super powers. Beginning of the Cold War (1947-1991). Beginning of the Atomic Age. Germany and Austria, as well as their capitals, Berlin and Vienna, respectively, divided into four occupation zones each, one for each of the United States, France, the United Kingdom, and the Soviet Union","Franklin D. Roosevelt (March 4, 1933 - April 12, 1945), Harry S. Truman (April 12, 1945 - January 20, 1953)",Cost ~$4.1T (2020 dollars); permanently restructured global economy,"The deadliest conflict in human history, in which the United States fought Imperial Japan, Nazi Germany, and Fascist Italy across multiple continents and oceans after the attack on Pearl Harbor. American industrial power, combined with Soviet sacrifice and Allied strategy, crushed the Axis; the US emerged as a superpower and architect of the postwar international order.",1941,1945,Yes,Victory,No
75,20th Century,Korea,Inconclusive/Other Result: UNSC Resolution 83 goals achieved. North Korean invasion of South Korea repelled. South Korean statehood preserved. Subsequent United Nations invasion of North Korea repelled.Subsequent Chinese-North Korean invasion of South Korea repelled. Korean Armistice Agreement. Korean Demilitarized Zone established in 1953,"Harry S. Truman (April 12, 1945 - January 20, 1953), Dwight D. Eisenhower January 20, 1953 - January 20, 1961)",Cost ~$30B (1950s); ~4% of GDP at peak,"Fought after North Korea invaded South Korea in 1950, the Korean War became a major Cold War confrontation when China intervened against UN forces. An armistice in 1953 restored roughly the pre-war border at the 38th parallel, leaving Korea divided to this day; the conflict is often called the 'Forgotten War.'",1950,1953,No,Stalemate,Yes
76,20th Century,"Vietnam, Cambodia, and Laos ",North Vietnam-allied victory: Withdrawal of American forces from Indochina. North Vietnamese victory over South Vietnam. Reunification of North Vietnam and South Vietnam into the communist state. Socialist Republic of Vietnam.Communist governments take power also in Laos and Cambodia,"Dwight D. Eisenhower (January 20, 1953 - January 20, 1961), John F. Kennedy (January 20, 1961 - November 22, 1963), Lyndon B. Johnson (November 22, 1963 - January 20, 1969), Richard Nixon (January 20, 1969 - August 9, 1974), Gerald Ford (August 9, 1974 - January 20, 1977)",Cost ~$843B (2019 dollars); significant inflation and economic disruption,"America's longest Cold War military engagement, fighting to prevent a Communist takeover of South Vietnam. Massive US involvement failed to defeat the North Vietnamese and Viet Cong insurgency; widespread anti-war protests at home, the Tet Offensive, and Nixon's Vietnamization policy led to US withdrawal and the fall of Saigon in 1975.",1955,1975,No,Defeat,Yes
77,20th Century,Laos ,Pathet Lao-allied victory: Fall of the Kingdom of Laos. Establishment of the communist state Lao People's Democratic Republic,"Dwight D. Eisenhower (January 20, 1953 - January 20, 1961), John F. Kennedy (January 20, 1961 - November 22, 1963), Lyndon B. Johnson (November 22, 1963 - January 20, 1969), Richard Nixon (January 20, 1969 - August 9, 1974), Gerald Ford (August 9, 1974 - January 20, 1977)",Covert CIA involvement; modest direct cost,"A covert Cold War conflict in which the CIA organized and supported Hmong guerrillas and Royal Lao forces against the Communist Pathet Lao, backed by North Vietnam. The 'Secret War' included massive US bombing campaigns; it ended with Communist victory in 1975 and the flight of the Hmong people.",1959,1975,No,Defeat,Yes
78,20th Century,Indonesia ,Indonesian government victory: Permesta surrendered to Indonesia government,Dwight D. Eisenhower,Covert CIA involvement in Indonesia; minimal direct cost,"A CIA-backed regional rebellion by military commanders in Sulawesi and Sumatra against Indonesia's central government under Sukarno. The operation was exposed when a CIA pilot was shot down and captured; the US quietly withdrew support, and the rebellion collapsed, embarrassing the Eisenhower administration.",1958,1961,No,Defeat,Yes
79,20th Century,Lebanon ,US-allied victory: US-Lebanese occupation of the port and international airport of Beirut,Dwight D. Eisenhower,Brief intervention; minimal economic impact,"President Eisenhower ordered Marines into Lebanon to stabilize the pro-Western government of President Chamoun, threatened by pan-Arab nationalist unrest inspired by Nasser's Egypt. The brief deployment helped stabilize the situation without major combat, and US forces withdrew within months.",1958,1958,No,Withdrawal,Yes
80,20th Century,Cuba ,Cuban government victory: Failure to topple Castro's government. United States sponsored Brigade 2506 (Cuban exiles) defeated. Increased cooperation between Cuba and theSoviet Union,John F. Kennedy,CIA operation; modest cost and significant political damage,"A CIA-trained force of Cuban exiles landed at the Bay of Pigs to overthrow Fidel Castro's government, but the operation was a catastrophic failure. Kennedy's decision not to provide US air cover doomed the invaders; the debacle strengthened Castro, embarrassed the Kennedy administration, and deepened the Cold War in Latin America.",1961,1961,No,Defeat,Yes
81,20th Century,Dominican Republic ,US-allied victory: Fall of the Boschregime. Joaquín Balaguer elected as the new president,Lyndon B. Johnson,Military intervention; modest cost,"Political chaos following the assassination of dictator Trujillo led to a military coup and civil war in the Dominican Republic. President Johnson ordered 22,000 troops to intervene, fearing a Communist takeover; the US-brokered elections returned a moderate government and American forces withdrew.",1965,1966,No,Victory,Yes
82,20th Century,Korean Demilitarized Zone ,US-allied victory: North Korean failure to launch an insurgency in South Korea,"Lyndon B. Johnson (November 22, 1963 - January 20, 1969), Richard Nixon (January 20, 1969 - August 9, 1974)",Ongoing low-level conflict; minor additional cost,"A low-level but lethal undeclared war along the Korean Demilitarized Zone, during which North Korea dramatically escalated infiltration, assassination attempts, and attacks on US and South Korean forces. The campaign included the seizure of the USS Pueblo and the shooting down of a US reconnaissance aircraft.",1966,1969,No,Stalemate,Yes
83,20th Century,Cambodia ,Khmer Rouge-allied victory: Fall of the Kingdom of Cambodia. Creation but eventual collapse of the Khmer Republic. Creation of the Democratic Kampuchea. Beginning of the Cambodian genocide,"Lyndon B. Johnson (November 22, 1963 - January 20, 1969), Richard Nixon (January 20, 1969 - August 9, 1974), Gerald Ford (August 9, 1974 - January 20, 1977)",Extension of Vietnam War; included within broader Vietnam costs,"A civil war pitting the US-backed Khmer Republic against the Communist Khmer Rouge, entangled with the Vietnam War. US and South Vietnamese forces invaded Cambodia to destroy North Vietnamese sanctuaries; massive US bombing campaigns failed to save the government, and the Khmer Rouge seized power in 1975.",1967,1975,No,Defeat,Yes
84,20th Century,Lebanon ,Syrian-allied victory: Multinational forces fail to prevent collapse of Lebanese Army into Syrian- or Israeli- supported militias. Multinational forces evacuated after the US embassy and US Marine barracks are bombed by the Islamic Jihad Organization. Multinational forces oversee withdrawal of Palestine Liberation Organization. Humanitarian crisis in Southern Lebanon. Civil war continues until 1990. President Hafez al-Assad continues his occupation of Lebanon until his son and later president Bashar al-Assad orders a withdrawal from the country,"Ronald Reagan(January 20, 1981 - January 20, 1989)",Ended after Beirut barracks bombing; modest cost,US Marines deployed to Lebanon as part of a multinational peacekeeping force during the Lebanese Civil War following Israel's invasion. The mission turned deadly when a suicide truck bomb killed 241 American servicemen at the Marine barracks in Beirut; Reagan withdrew the force shortly thereafter.,1982,1984,No,Withdrawal,Yes
85,20th Century,Grenada ,US-allied victory: Military dictatorship of Hudson Austin deposed. Defeat of Cuban military presence. Restoration of constitutional government,Ronald Reagan,Very short operation; minimal economic impact,"President Reagan ordered an invasion of the small Caribbean island of Grenada following a Marxist coup and the murder of Prime Minister Maurice Bishop, citing the safety of American medical students. The operation quickly overwhelmed Grenadan and Cuban forces, restoring democratic governance.",1983,1983,No,Victory,Yes
86,20th Century,Libya ,US victory: Failed Libyan Scud missile response. Muammar Gaddafi survives,Ronald Reagan,Air strikes; minimal cost,"US Air Force and Navy aircraft struck targets in Tripoli and Benghazi in retaliation for Libyan-sponsored terrorism, including the bombing of a Berlin discotheque that killed US soldiers. Operation El Dorado Canyon was the first American use of UK-based aircraft for combat operations since WWII.",1986,1986,No,Victory,Yes
87,20th Century,Persian Gulf ,"US victory: U.S. Navy sinks several ships and damages Iranian military installations used to attack U.S. and U.S. allied civilian shipping. U.S. Navy vessel USS Vincennes shoots down civilian Iran Air Flight 655 killing all 290 passengers, among them 66 children. Iran-Iraq War ends in August 1988 following UN enforcement of the ceasefire",Ronald Reagan,Naval escorts in Persian Gulf; modest cost,"The US Navy began escorting Kuwaiti oil tankers reflagged under the American flag in the Persian Gulf during the Iran-Iraq War, after Iranian attacks on shipping threatened oil flows. The operation involved direct clashes with Iranian naval forces, including the largest US naval battle since WWII.",1987,1988,No,Victory,Yes
88,20th Century,Panama ,US-allied victory: Dictator Manuel Noriega deposed,George H. W. Bush,Short operation; modest cost,"US forces invaded Panama to overthrow dictator Manuel Noriega, who had been indicted on drug trafficking charges and who had nullified elections and threatened US personnel. Operation Just Cause swiftly defeated the Panamanian Defense Forces; Noriega was captured and extradited to face drug charges.",1989,1990,No,Victory,No
89,20th Century,"Iraq, Kuwait, Saudi Arabia, and Israel ",US-allied victory: Iraqi withdrawal from Kuwait; EmirJaber III restored. Sanctions against Iraq,George H. W. Bush,Cost ~$61B; largely offset by allied contributions,"A US-led international coalition of 35 nations drove Iraqi forces from Kuwait after Saddam Hussein's invasion. Operation Desert Storm's air campaign and 100-hour ground offensive devastated Iraqi forces; President Bush stopped short of capturing Baghdad, leaving Saddam in power and setting the stage for future conflict.",1990,1991,Yes,Victory,No
90,20th Century,Iraq ,US-allied victory: Periodic depletion of Iraqi air defenses,"George H. W. Bush (January 20, 1989 - January 20, 1993), Bill Clinton (January 20, 1993 - January 20, 2001), George W. Bush (January 20, 2001 - January 20, 2009)",12-year operation; significant cumulative cost,"Following the Gulf War, the US and allies enforced no-fly zones over northern and southern Iraq to protect Kurdish and Shia populations from Saddam Hussein's military. Over 12 years, US and British aircraft flew thousands of sorties, regularly engaging Iraqi air defenses in an ongoing low-level conflict.",1991,2003,No,Ongoing→Superseded,No
91,20th Century,Somalia ,"Somali victory: Failure to capture SNA leader Mohamed Farrah Aidid; specific Aidid lieutenants captured. Withdrawal of U.S. forces 5 months after losses in the Battle of Mogadishu. The UN mandate saved close to 100,000 lives, before and after U.S. withdrawal. Civil war is on going","George H. W. Bush (January 20, 1989 - January 20, 1993), Bill Clinton (January 20, 1993 - January 20, 2001)",Humanitarian mission turned combat; modest cost,US and UN forces deployed to Somalia during a catastrophic famine caused by clan warfare. What began as a humanitarian mission escalated when the US targeted warlord Mohamed Aidid; the Battle of Mogadishu (Black Hawk Down) killed 18 US soldiers and prompted American withdrawal.,1992,1995,No,Withdrawal,No
92,20th Century,Bosnia and Herzegovina and Croatia ,"Inconclusive/Other Result: Military stalemate. Dayton Accords. Internal partition of Bosnia and Herzegovina. Over 101,000 dead, 65,000 Bosniaks, 28,000 Serbs, 8,000 Croats. Deployment of NATO-led IFOR to uphold the peace agreement. High Representative for Bosnia and Herzegovina established to implement the peace agreement","George H. W. Bush (January 20, 1989 - January 20, 1993), Bill Clinton (January 20, 1993 - January 20, 2001)",Air campaign and peacekeeping; modest US cost,"The US and NATO intervened in the Yugoslav Wars following ethnic cleansing and genocide in Bosnia and Croatia. After years of failed diplomacy, NATO air campaigns and Croat-Bosnian offensives forced the Serbs to the negotiating table; the Dayton Accords ended the war and deployed NATO peacekeepers.",1992,1995,No,Victory,No
93,20th Century,Haiti ,US-allied victory: Reinstatement of Jean-Bertrand Aristide as president of Haiti,Bill Clinton,Bloodless invasion; modest cost,"President Clinton ordered a military invasion to restore Haiti's elected president Jean-Bertrand Aristide, ousted in a military coup. As the invasion force was en route, a last-minute diplomatic agreement by Jimmy Carter persuaded the junta to step down, allowing a peaceful transition.",1994,1995,No,Victory,No
94,20th Century,Serbia ,"US-allied victory: Ceasefire reached through Kumanovo Agreement of June 1999 after Russian and Finnish envoys visit Belgrade. Yugoslav forces pull out of Kosovo. UN Resolution 1244 confirming Kosovo as de jure part of FRY. De facto separation of Kosovo from FR Yugoslavia under UN administration. Return of Albanian refugees after attempted ethnic cleansing of Albanians. KLA veterans join the UÇPMB, starting the Preševo insurgency. Around 200,000 Serbs, Romani, and other non-Albanians fleeing Kosovo and many of the remaining civilians becoming victims of abuse. Three Chinese journalists were killed in United States bombing of the Chinese embassy in Belgrade",Bill Clinton,Air campaign; ~$3B cost,"NATO launched a 78-day air campaign against Yugoslavia to halt Serbian ethnic cleansing of Kosovo's Albanian population, without UN Security Council authorization. Slobodan Milošević eventually withdrew forces from Kosovo, which came under UN administration and later declared independence in 2008.",1998,1999,No,Victory,No
95,21st Century,Afghanistan,"Taliban victory: United States invasion of Afghanistan (2001), Destruction ofal-Qaeda and Taliban militant training camps(2001), Fall of theTaliban government(2001) and Establishment of the Islamic Republic of Afghanistan. Start ofTaliban insurgency, Osama bin Laden killed by SEAL Team Six operators in Abbottabad, Pakistan in May 2011, ""Afghanization"" of  Afghan conflict. Withdrawal of most US troops by 2014. End of Operation Enduring Freedom; start of Operation Freedom's Sentinel. End of US and ISAF led combat mission; beginning of NATO-led training and assistance mission. Doha Agreement and progressive withdrawal of remaining US troops after 2020.",,Cost ~$2.3T; longest US war,"Launched after the 9/11 attacks to destroy Al-Qaeda and the Taliban government that harbored them, Afghanistan became America's longest war. Initial success in toppling the Taliban gave way to a protracted insurgency; the US withdrew in 2021 and the Taliban rapidly retook the country.",2001,2021,No,Defeat,No
96,21st Century,Yemen,Ongoing: 378 drone strikes confirmed. al-Qaeda in the Arabian Peninsula leaders confirmed killed. Numerous al-Qaeda in the Arabian Peninsula bases destroyed. Most recent drone strike against al-Qaeda launched in February 2023. Saudi-led coalition forces intervene in Yemenin 2015 to restore the internationally recognized Yemen government led by President Abdrabbuh Mansur Hadi. United States support the Saudi Arabian-led intervention primarily through arms sales and technical assistance. U.S. Army Special Forces deployed to the Saudi Arabia-Yemen border to help defeat the Houthi rebels in 2018. Missile strikes against Houthi-controlled territory beginning in 2024,,Drone strikes and special operations; modest direct cost,"The US has conducted drone strikes, special operations raids, and provided intelligence and logistical support to Saudi Arabia's military campaign in Yemen's civil war. The intervention targeted Al-Qaeda in the Arabian Peninsula but has drawn criticism for civilian casualties and contributing to a humanitarian catastrophe.",2002,ongoing,No,Ongoing,No
97,21st Century,Iraq,"Inconclusive/Other Result: Invasion and occupation of Iraq. Overthrow of Ba'ath Party government. Execution of Saddam Hussein.Emergence of significant insurgency, rise of al-Qaeda in Iraq, and severe sectarian violence. Subsequent reduction in violence and depletion of al-Qaeda in Iraq. Establishment of democratic elections and formation of new Shia-led government. U.S.-Iraq Status of Forces Agreement. Withdrawal of U.S. forces from Iraq in 2011. Stronger Iranian influence in Iraq. Escalation of sectarian insurgency after U.S. withdrawal leading to the rise of the Islamic State of Iraq and the Levant, the successor of al-Qaeda in Iraq. Return of US forces to Iraq in 2014",,Cost ~$2.4T; significant fiscal and economic impact,"President Bush launched the invasion of Iraq, asserting—incorrectly—that Saddam Hussein possessed weapons of mass destruction and had links to Al-Qaeda. The rapid military victory gave way to a catastrophic insurgency and sectarian civil war; the war destabilized the Middle East and led to the rise of ISIS.",2003,2011,No,Withdrawal,No
98,21st Century,Pakistan,"US-allied victory: 430 drone strikes confirmed. 81 high-level insurgent leaders and thousands of low-level insurgents killed. Deaths of Hafiz Saeed Khan, the leader (emir) of ISIS-K, Afghan Taliban head Akhtar Mansour, and successive TPP heads Baitullah Mehsud and Hakimullah Mehsud. Destruction of numerous insurgent camps and safe havens. Large number of insurgents killed while some fled to Afghanistan. Most recent drone strike launched in January 2018",,Drone campaign; modest direct cost,"The US conducted an extensive covert drone strike campaign in Pakistan's tribal areas against Al-Qaeda, the Taliban, and associated groups. The strikes killed numerous militant leaders—including Osama bin Laden's associates—but also caused civilian casualties and severely strained US-Pakistan relations.",2004,2018,No,Partial Victory,No
99,21st Century,Somalia and North eastern Kenya,"Ongoing: Hundreds of drone strikes targeting the terrorist group al-Shabaab. Raids against al-Shabaab militants conducted by U.S. Special Operations Forces. African Union Intervention. U.S. backed Ethiopian invasionin 2006. Kenyan intervention. Newly formed federal government.established in 2012. Power struggle within al-Shabaab. Majority of US Troops withdraw in January 2021. US airstrikes against al-Shabaab in 2022. Redeployment of US troops in Somalia in 2022. Death of Islamic State in Somalia leader, Bilal al-Sudanion January 25, 2023. Approximately 450 U.S. troops remain in Somalia as of June 2023",,Ongoing drone and special operations campaign,"The US has conducted ongoing drone strikes, special operations raids, and support for African Union forces against the Islamist militant group Al-Shabaab in Somalia. Operations have killed numerous Al-Shabaab commanders but have failed to end the group's insurgency.",2007,ongoing,No,Ongoing,No
100,21st Century,Indian Ocean,"US-allied victory: Number of pirate attacks dramatically decreased. The US Office of Naval Intelligence have officially reported that in 2013, only 9 incidents of piracy were reported and that none of them were successfully hijacked. Piracy drops 90%",,Anti-piracy naval operation; modest cost,"A NATO naval operation in the Indian Ocean and Gulf of Aden to counter Somali piracy, which had reached its peak threatening global shipping lanes. The operation contributed to a dramatic decline in piracy through naval patrols and support for counter-piracy capacity building.",2009,2016,No,Victory,No
101,21st Century,Libya ,"US-allied victory: UN authorisation of NATO led military intervention. Overthrow and collapse of The Great Socialist People's Libyan Arab Jamahiriya. The killing of Muammar Gaddafi and the end of his rule over Libya. Start and continuation of The Libyan crisis. Assumption of interim control by National Transitional Council (NTC); remains in power until August 8, 2012. Diplomatic recognition of NTC as sole governing authority for Libya by 105 countries, UN, EU, AL and AU. Post-civil war violence in Libya leading to the second civil war in 2014. Rise and spread of Madkhalismin Libya",,Air campaign; ~$1.1B US cost,"NATO launched air strikes and enforced a no-fly zone over Libya after Muammar Gaddafi threatened to massacre rebels. The campaign helped rebel forces overthrow and kill Gaddafi, but the absence of post-conflict planning left Libya in chaos with rival governments and militias fighting to this day.",2011,2011,No,Victory,No
102,21st Century,Uganda ,"US-allied victory: Founder and leader of the LRA Joseph Rao Kony goes into hiding. Senior LRA commander Dominic Ongwen surrenders to American forces in the Central African Republic and is tried in The Hague. Majority of LRA installations and encampments located in South Sudan and Uganda abandoned and dismantled. Small scale LRA activity continues in eastern DR Congo, and the Central African Republic",,Counter-LRA operation in Central Africa; minimal cost,"A US Special Forces advisory mission in Central Africa supporting African Union-led forces hunting Joseph Kony and the Lord's Resistance Army, responsible for massacres, abductions of child soldiers, and displacement across multiple countries. The operation degraded but did not eliminate the LRA.",2011,2017,No,Partial Victory,No
103,21st Century,Niger ,"Jihadists victory: The Niger military overthrows the government in the 2023 Nigerien coup d'état. Niger's junta ended a military agreement that allowed US troops to be deployed in the country. US lost access to Niger Air Base 201, largest drone base in Africa built by the United States for $110 million. Beginning of new military cooperation between Niger and Russia. Jihadi groups linked to al-Qaida, the Islamic State group and Boko Haram remain still active in Niger.",,Counterterrorism training and operations; modest cost,"The US maintained counterterrorism bases in Niger, conducting drone surveillance and special operations against jihadist groups across the Sahel. The 2017 ambush that killed four US soldiers near Tongo Tongo drew attention to the growing US military footprint in West Africa; a 2023 coup ultimately led to US withdrawal.",2013,2024,No,Withdrawal,No
104,21st Century,Iraq ,"US-allied coalition and Iraqi victory: Tens of thousands of ISIL fighters killed. American-led forces launch over 13,300 airstrikes on ISIL positions in Iraq. Heavy damage dealt to ISIL forces, ISIL loses 40% of its territory in Iraq by January 2016. Iraq declares military victory against ISIL on December 9, 2017. Low-intensity ISIL insurgency following December 2017 Multinational humanitarian and arming of ground forces efforts. 200 ISIL created mass graves found containing up to 12,000 people. U.S. maintains limited military presence, approximately 2,500 U.S. military personnel remain in Iraq as of December 2021, providing assistance, advice and training to Iraqi forces.",,Counter-ISIS campaign; ~$14B+ expenditure,"A broad international coalition launched air strikes and deployed special operations forces and advisors to destroy the Islamic State (ISIS/ISIL), which had seized vast territories in Iraq and Syria. The campaign successfully dismantled the ISIS territorial caliphate by 2019, though the group remains an insurgent threat.",2014,ongoing,No,Ongoing,No
105,21st Century,Syria ,"Ongoing: Over 11,200 American and allied airstrikes hit ISIS and other extremist groups within Syria. Thousands of ISIS targets destroyed and thousands more militants captured or killed. ISIL lose Mosul and Raqqa(2017), then other most of territory in Iraq and then Syria. Syrian government. Chemical attack in Ghouta(2013) leading to OPCW-UN Joint Mission in Syria. American support for anti-government rebels. Deployment of U.S. Marines and Special Forces. Massive amounts of human rights violations and war crimes, in particular by Syrian government forces.",,Air strikes and special operations; modest direct cost,"The US conducted air strikes against ISIS targets in Syria, supported Kurdish and Arab rebel forces, and established a military presence in eastern Syria. American forces navigated a complex conflict involving the Assad government, Russia, Iran, Turkey, and multiple armed factions.",2014,ongoing,No,Ongoing,No
106,21st Century,Libya,"ISIS in Libya largely defeated. Liberation of Sirte. Hundreds of airstrikes carried out in Libya against Islamic State affiliated militant groups. Thousands of ISIL targets destroyed. ISIS presence in Libya severely diminished; airstrikes cease in 2019. Second Libyan Civil War continues until a permanent ceasefire was ratified on October 23, 2020",,Ongoing air strikes; minimal direct cost,"Following the collapse of the post-Gaddafi state, the US conducted periodic air strikes and special operations against ISIS affiliates and other extremist groups in Libya. The limited intervention operated alongside a broader international effort to stabilize a country fractured between rival governments.",2015,ongoing,No,Ongoing,No
107,21st Century,"Red Sea,Gulf of Aden and Yemen",Ongoing: US-led multinational coalition formed in December 2023 to respond to attacks on shipping in the Red Sea. Missile strikes against Houthi-controlled territory beginning in 2024,,Red Sea naval protection operation; modest cost,"A US-led multinational naval task force deployed in the Red Sea in response to Houthi rebel attacks on commercial shipping, launched in solidarity with Hamas during the Gaza conflict. The operation conducted defensive intercepts of drones and missiles and was accompanied by US and British strikes on Houthi targets in Yemen.",2023,ongoing,No,Ongoing,No
108,21st,Iran,"Ongoing — Iran's nuclear sites heavily damaged, Supreme Leader Khamenei killed (Feb 2026)",Donald Trump,Significant oil price spike; Strait of Hormuz disruption risk; global shipping rerouted around Cape of Good Hope,"US and Israeli strikes on Iranian nuclear facilities began June 22, 2025 (Operation Midnight Hammer). Escalated February 28, 2026 (Operation Epic Fury / Operation Roaring Lion) with joint US-Israeli strikes targeting Tehran, Isfahan, Qom and other cities. Supreme Leader Khamenei assassinated. Iran retaliated with missile strikes on US bases across the Gulf. Conflict ongoing as of early March 2026.",2025,ongoing,No,Ongoing,No